[
  {
    "busNumber": "청운70자1415",
    "route": "100",
    "status": "운행중",
    "startTime": "2024-08-18T21:35",
    "endTime": "2024-08-18T22:05"
  },
  {
    "busNumber": "청운71자5504",
    "route": "10번",
    "status": "종료",
    "startTime": "2024-08-18T21:35",
    "endTime": "2024-08-18T21:50"
  },
  {
    "busNumber": "청운",
    "route": "100",
    "status": "운행중",
    "startTime": "2024-08-18T21:35",
    "endTime": "2024-08-18T22:40"
  },
  {
    "busNumber": "청운 77 자 1101",
    "route": "1",
    "status": "종료",
    "startTime": "2024-08-18T21:36",
    "endTime": "2024-08-18T21:50"
  },
  {
    "busNumber": "청운77자1101",
    "route": "1번",
    "status": "운행중",
    "startTime": "2024-08-18T21:37",
    "endTime": "2024-08-18T21:55"
  },
  {
    "busNumber": "청운 70자 1405",
    "route": "100",
    "status": "운행중",
    "startTime": "2024-08-18T21:37",
    "endTime": "2024-08-18T22:40"
  },
  {
    "busNumber": "청운70자1413",
    "route": "100",
    "status": "운행중",
    "startTime": "2024-08-18T21:36",
    "endTime": "2024-08-18T22:00"
  },
  {
    "busNumber": "청운 70자 1401",
    "route": "100",
    "status": "운행중",
    "startTime": "2024-08-18T21:37",
    "endTime": "2024-08-18T22:14"
  },
  {
    "busNumber": "청운 71자 5552",
    "route": "4001번",
    "status": "종료",
    "startTime": "2024-08-18T21:37",
    "endTime": "2024-08-18T21:45"
  },
  {
    "busNumber": "청운70자1408",
    "route": "100",
    "status": "종료",
    "startTime": "2024-08-18T21:36",
    "endTime": "2024-08-18T21:42"
  },
  {
    "busNumber": "청운70자1411",
    "route": "100",
    "status": "운행중",
    "startTime": "2024-08-18T21:40",
    "endTime": "2024-08-18T22:10"
  },
  {
    "busNumber": "청운70자1418",
    "route": "100번",
    "status": "운행중",
    "startTime": "2024-08-18T21:40",
    "endTime": "2024-08-18T22:00"
  },
  {
    "busNumber": "청운70자1417",
    "route": "100",
    "status": "운행중",
    "startTime": "2024-08-18T21:40",
    "endTime": "2024-08-18T22:30"
  },
  {
    "busNumber": "청운 70자 1427",
    "route": "관광버스",
    "status": "운행중",
    "startTime": "2024-08-18T21:45",
    "endTime": "2024-08-19T00:00"
  },
  {
    "busNumber": "청운 71자 5501",
    "route": "10",
    "status": "운행중",
    "startTime": "2024-08-18T21:45",
    "endTime": "2024-08-18T22:15"
  },
  {
    "busNumber": "청운 71자 5551",
    "route": "401번",
    "status": "운행중",
    "startTime": "2024-08-18T21:48",
    "endTime": "2024-08-18T22:00"
  },
  {
    "busNumber": "청운 77 자 1101",
    "route": "1",
    "status": "운행중",
    "startTime": "2024-08-18T21:50",
    "endTime": "2024-08-18T22:02"
  }
]}
]